-- MySQL dump 10.16  Distrib 10.1.12-MariaDB, for Linux (x86_64)
--
-- Host: localhost    Database: lecrooms
-- ------------------------------------------------------
-- Server version	10.1.12-MariaDB

/*!40101 SET @OLD_CHARACTER_SET_CLIENT=@@CHARACTER_SET_CLIENT */;
/*!40101 SET @OLD_CHARACTER_SET_RESULTS=@@CHARACTER_SET_RESULTS */;
/*!40101 SET @OLD_COLLATION_CONNECTION=@@COLLATION_CONNECTION */;
/*!40101 SET NAMES utf8 */;
/*!40103 SET @OLD_TIME_ZONE=@@TIME_ZONE */;
/*!40103 SET TIME_ZONE='+00:00' */;
/*!40014 SET @OLD_UNIQUE_CHECKS=@@UNIQUE_CHECKS, UNIQUE_CHECKS=0 */;
/*!40014 SET @OLD_FOREIGN_KEY_CHECKS=@@FOREIGN_KEY_CHECKS, FOREIGN_KEY_CHECKS=0 */;
/*!40101 SET @OLD_SQL_MODE=@@SQL_MODE, SQL_MODE='NO_AUTO_VALUE_ON_ZERO' */;
/*!40111 SET @OLD_SQL_NOTES=@@SQL_NOTES, SQL_NOTES=0 */;

--
-- Table structure for table `administrators`
--

DROP TABLE IF EXISTS `administrators`;
/*!40101 SET @saved_cs_client     = @@character_set_client */;
/*!40101 SET character_set_client = utf8 */;
CREATE TABLE `administrators` (
  `admin_id` int(11) NOT NULL,
  `admin_name` varchar(45) NOT NULL,
  `admin_password` varchar(45) NOT NULL,
  PRIMARY KEY (`admin_id`)
) ENGINE=InnoDB DEFAULT CHARSET=latin1;
/*!40101 SET character_set_client = @saved_cs_client */;

--
-- Dumping data for table `administrators`
--

LOCK TABLES `administrators` WRITE;
/*!40000 ALTER TABLE `administrators` DISABLE KEYS */;
INSERT INTO `administrators` VALUES (203,'HChris','664c0750f8c73ec0086e88c8b02bb112'),(204,'MKamau','e41423752ca4dd76114ba25ffaf27a69'),(555,'ROwino','4100d5ba00e484d5c9a7adec582676b4'),(700,'JBond','ad448c16151458522e7abeb546850192'),(888,'BKemei','29317dc5c476f29e774618037f76f413'),(999,'LKuria','443ed93eb476fbb142ea8a006adc0874');
/*!40000 ALTER TABLE `administrators` ENABLE KEYS */;
UNLOCK TABLES;

--
-- Table structure for table `courses`
--

DROP TABLE IF EXISTS `courses`;
/*!40101 SET @saved_cs_client     = @@character_set_client */;
/*!40101 SET character_set_client = utf8 */;
CREATE TABLE `courses` (
  `course_id` varchar(45) NOT NULL,
  `course_name` varchar(45) NOT NULL,
  PRIMARY KEY (`course_id`)
) ENGINE=InnoDB DEFAULT CHARSET=latin1;
/*!40101 SET character_set_client = @saved_cs_client */;

--
-- Dumping data for table `courses`
--

LOCK TABLES `courses` WRITE;
/*!40000 ALTER TABLE `courses` DISABLE KEYS */;
INSERT INTO `courses` VALUES ('BBIT1A','BBIT 1st yr'),('BBIT1B','BBIT 1st yr'),('BBIT2A','BBIT 2nd yr'),('BBIT2B','BBIT 2nd yr'),('BBIT3A','BBIT 3rd yr'),('BBIT3B','BBIT 3rd yr'),('BBIT4A','BBIT 4th yr'),('BBIT4B','BBIT 4th yr'),('BCOM1','BCOM 1st yr'),('BCOM2','BCOM 2nd yr'),('BCOM3','BCOM 3rd yr'),('BCOM4','BCOM 4th yr'),('BIF1','BIF 1st yr'),('BIF2','BIF 2nd yr'),('BIF3','BIF 3rd yr'),('BIF4','BIF 4th yr'),('BTC1','BTC 1st yr'),('BTC2','BTC 2nd yr'),('BTC3','BTC 3rd yr'),('BTC4','BTC 4th yr');
/*!40000 ALTER TABLE `courses` ENABLE KEYS */;
UNLOCK TABLES;

--
-- Table structure for table `lecturers`
--

DROP TABLE IF EXISTS `lecturers`;
/*!40101 SET @saved_cs_client     = @@character_set_client */;
/*!40101 SET character_set_client = utf8 */;
CREATE TABLE `lecturers` (
  `staff_no` int(11) NOT NULL,
  `staff_name` varchar(45) NOT NULL,
  `staff_email` varchar(45) NOT NULL,
  `staff_phone` int(11) DEFAULT NULL,
  `staff_password` varchar(45) NOT NULL,
  PRIMARY KEY (`staff_no`)
) ENGINE=InnoDB DEFAULT CHARSET=latin1;
/*!40101 SET character_set_client = @saved_cs_client */;

--
-- Dumping data for table `lecturers`
--

LOCK TABLES `lecturers` WRITE;
/*!40000 ALTER TABLE `lecturers` DISABLE KEYS */;
INSERT INTO `lecturers` VALUES (1232,'PMicheni','pmicheni@strathmore.edu',733929394,'passwordP'),(1234,'SEvalia','sevalia@strathmore.edu',707986782,'passwordS'),(1236,'JMaiyeka','jmaiyeka@strathmore.edu',721638489,'passwordJ'),(2334,'COuma','couma@strathmore.edu',725808489,'passwordC'),(2345,'NMaingi','nmaingi@strathmore.edu',721938489,'passwordN'),(2365,'JWanga','jwanga@strathmore.edu',722345678,'passwordJ'),(5425,'JWachudi','jwachudi@strathmore.edu',703896782,'passwordJ'),(5432,'VOmwenga','vomwenga@strathmore.edu',707986789,'passwordV'),(5439,'FMogesa','fmogesa@strathmore.edu',763286782,'passwordF'),(5490,'PMagati','pmagati@strathmore.edu',707576782,'passwordP'),(5638,'MMurithi','mmurithi@strathmore.edu',727986782,'passwordM'),(5680,'PNgaru','pngaru@strathmore.edu',707986743,'passwordP'),(5832,'JMuteti','jmuteti@strathmore.edu',721934489,'passwordJ'),(6432,'MOketch','moketch@strathmore.edu',704838934,'passwordM'),(6534,'RKingori','rkingori@strathmore.edu',722238281,'passwordR'),(6538,'BNjeru','bnjeru@strathmore.edu',721638432,'passwordB'),(7070,'BTelei','btelei@strathmore.edu',798747234,'29317dc5c476f29e774618037f76f413'),(7543,'BSowon','bsowon@strathmore.edu',721638322,'passwordB'),(9090,'JOrero','jorero@strathmore.edu',789898989,'ad448c16151458522e7abeb546850192');
/*!40000 ALTER TABLE `lecturers` ENABLE KEYS */;
UNLOCK TABLES;

--
-- Table structure for table `rooms`
--

DROP TABLE IF EXISTS `rooms`;
/*!40101 SET @saved_cs_client     = @@character_set_client */;
/*!40101 SET character_set_client = utf8 */;
CREATE TABLE `rooms` (
  `room_id` varchar(45) NOT NULL,
  `room_capacity` int(11) DEFAULT NULL,
  PRIMARY KEY (`room_id`)
) ENGINE=InnoDB DEFAULT CHARSET=latin1;
/*!40101 SET character_set_client = @saved_cs_client */;

--
-- Dumping data for table `rooms`
--

LOCK TABLES `rooms` WRITE;
/*!40000 ALTER TABLE `rooms` DISABLE KEYS */;
INSERT INTO `rooms` VALUES ('LT1',50),('LT2',50),('LT3',50),('LT4',50),('LT5',50),('MSB1',30),('MSB2',30),('MSB3',30),('MSB4',30),('MSB5',30),('RM1',50),('RM2',50),('RM3',50),('RM4',50),('RM5',50);
/*!40000 ALTER TABLE `rooms` ENABLE KEYS */;
UNLOCK TABLES;

--
-- Table structure for table `schedule`
--

DROP TABLE IF EXISTS `schedule`;
/*!40101 SET @saved_cs_client     = @@character_set_client */;
/*!40101 SET character_set_client = utf8 */;
CREATE TABLE `schedule` (
  `sch_id` int(11) NOT NULL AUTO_INCREMENT,
  `start_time` datetime NOT NULL,
  `end_time` datetime NOT NULL,
  `room_id` varchar(45) NOT NULL,
  `unit_id` varchar(45) NOT NULL,
  `course_id` varchar(45) NOT NULL,
  `reserved` tinyint(1) NOT NULL,
  `staff_no` int(11) NOT NULL,
  PRIMARY KEY (`sch_id`),
  KEY `sch_uni_idx` (`unit_id`),
  KEY `sch_cou_idx` (`course_id`),
  KEY `sch_roo_idx` (`room_id`),
  KEY `sch_sta_idx` (`staff_no`),
  CONSTRAINT `sch_cou` FOREIGN KEY (`course_id`) REFERENCES `courses` (`course_id`) ON DELETE CASCADE ON UPDATE CASCADE,
  CONSTRAINT `sch_roo` FOREIGN KEY (`room_id`) REFERENCES `rooms` (`room_id`) ON DELETE CASCADE ON UPDATE CASCADE,
  CONSTRAINT `sch_sta` FOREIGN KEY (`staff_no`) REFERENCES `lecturers` (`staff_no`) ON DELETE CASCADE ON UPDATE CASCADE,
  CONSTRAINT `sch_uni` FOREIGN KEY (`unit_id`) REFERENCES `units` (`unit_id`) ON DELETE CASCADE ON UPDATE CASCADE
) ENGINE=InnoDB AUTO_INCREMENT=1539 DEFAULT CHARSET=latin1;
/*!40101 SET character_set_client = @saved_cs_client */;

--
-- Dumping data for table `schedule`
--

LOCK TABLES `schedule` WRITE;
/*!40000 ALTER TABLE `schedule` DISABLE KEYS */;
INSERT INTO `schedule` VALUES (1338,'2016-02-29 08:00:00','2016-02-29 10:00:00','LT1','BBT1101','BBIT1A',0,1234),(1339,'2016-02-29 11:00:00','2016-02-29 12:00:00','LT2','HED1102','BBIT1A',0,6538),(1340,'2016-02-29 13:00:00','2016-02-29 14:00:00','LT3','BCM1201','BBIT1A',0,5680),(1341,'2016-03-01 08:00:00','2016-03-01 09:00:00','LT1','BCM1102','BBIT1A',0,5490),(1342,'2016-03-01 10:00:00','2016-03-01 12:00:00','LT4','BCM1201','BBIT1A',0,5680),(1343,'2016-03-01 14:00:00','2016-03-01 15:00:00','LT3','MAT1301','BBIT1A',0,2334),(1344,'2016-03-02 12:00:00','2016-03-02 14:00:00','LT3','HED1102','BBIT1A',0,6538),(1345,'2016-03-02 15:00:00','2016-03-02 17:00:00','LT5','MAT1301','BBIT1A',0,2334),(1346,'2016-03-03 08:00:00','2016-03-03 09:00:00','LT5','BCM1101','BBIT1A',0,5425),(1347,'2016-03-03 10:00:00','2016-03-03 13:00:00','LT1','BBT1102','BBIT1A',0,1236),(1348,'2016-03-03 14:00:00','2016-03-03 15:00:00','LT2','BBT1101','BBIT1A',0,1234),(1349,'2016-03-04 08:00:00','2016-03-04 10:00:00','LT2','BCM1101','BBIT1A',0,5425),(1350,'2016-03-04 10:00:00','2016-03-04 12:00:00','LT1','BCM1102','BBIT1A',0,5490),(1351,'2016-03-07 08:00:00','2016-03-07 10:00:00','LT1','BBT1101','BBIT1A',0,1234),(1352,'2016-03-07 11:00:00','2016-03-07 12:00:00','LT2','HED1102','BBIT1A',0,6538),(1353,'2016-03-07 13:00:00','2016-03-07 14:00:00','LT3','BCM1201','BBIT1A',0,5680),(1354,'2016-03-08 08:00:00','2016-03-08 09:00:00','LT1','BCM1102','BBIT1A',0,5490),(1355,'2016-03-08 10:00:00','2016-03-08 12:00:00','LT4','BCM1201','BBIT1A',0,5680),(1356,'2016-03-08 14:00:00','2016-03-08 15:00:00','LT3','MAT1301','BBIT1A',0,2334),(1357,'2016-03-09 12:00:00','2016-03-09 14:00:00','LT3','HED1102','BBIT1A',0,6538),(1358,'2016-03-09 15:00:00','2016-03-09 17:00:00','LT5','MAT1301','BBIT1A',0,2334),(1359,'2016-03-10 08:00:00','2016-03-10 09:00:00','LT5','BCM1101','BBIT1A',0,5425),(1360,'2016-03-10 10:00:00','2016-03-10 13:00:00','LT1','BBT1102','BBIT1A',0,1236),(1361,'2016-03-10 14:00:00','2016-03-10 15:00:00','LT2','BBT1101','BBIT1A',0,1234),(1362,'2016-03-11 08:00:00','2016-03-11 10:00:00','LT2','BCM1101','BBIT1A',0,5425),(1363,'2016-03-11 10:00:00','2016-03-11 12:00:00','LT1','BCM1102','BBIT1A',0,5490),(1364,'2016-03-14 08:00:00','2016-03-14 10:00:00','LT1','BBT1101','BBIT1A',0,1234),(1365,'2016-03-14 11:00:00','2016-03-14 12:00:00','LT2','HED1102','BBIT1A',0,6538),(1366,'2016-03-14 13:00:00','2016-03-14 14:00:00','LT3','BCM1201','BBIT1A',0,5680),(1367,'2016-03-15 08:00:00','2016-03-15 09:00:00','LT1','BCM1102','BBIT1A',0,5490),(1368,'2016-03-15 10:00:00','2016-03-15 12:00:00','LT4','BCM1201','BBIT1A',0,5680),(1369,'2016-03-15 14:00:00','2016-03-15 15:00:00','LT3','MAT1301','BBIT1A',0,2334),(1370,'2016-03-16 12:00:00','2016-03-16 14:00:00','LT3','HED1102','BBIT1A',0,6538),(1371,'2016-03-16 15:00:00','2016-03-16 17:00:00','LT5','MAT1301','BBIT1A',0,2334),(1372,'2016-03-17 08:00:00','2016-03-17 09:00:00','LT5','BCM1101','BBIT1A',0,5425),(1373,'2016-03-17 10:00:00','2016-03-17 13:00:00','LT1','BBT1102','BBIT1A',0,1236),(1374,'2016-03-17 14:00:00','2016-03-17 15:00:00','LT2','BBT1101','BBIT1A',0,1234),(1375,'2016-03-18 08:00:00','2016-03-18 10:00:00','LT2','BCM1101','BBIT1A',0,5425),(1376,'2016-03-18 10:00:00','2016-03-18 12:00:00','LT1','BCM1102','BBIT1A',0,5490),(1377,'2016-03-21 08:00:00','2016-03-21 10:00:00','LT1','BBT1101','BBIT1A',0,1234),(1378,'2016-03-21 11:00:00','2016-03-21 12:00:00','LT2','HED1102','BBIT1A',0,6538),(1379,'2016-03-21 13:00:00','2016-03-21 14:00:00','LT3','BCM1201','BBIT1A',0,5680),(1380,'2016-03-22 08:00:00','2016-03-22 09:00:00','LT1','BCM1102','BBIT1A',0,5490),(1381,'2016-03-22 10:00:00','2016-03-22 12:00:00','LT4','BCM1201','BBIT1A',0,5680),(1382,'2016-03-22 14:00:00','2016-03-22 15:00:00','LT3','MAT1301','BBIT1A',0,2334),(1383,'2016-03-23 12:00:00','2016-03-23 14:00:00','LT3','HED1102','BBIT1A',0,6538),(1384,'2016-03-23 15:00:00','2016-03-23 17:00:00','LT5','MAT1301','BBIT1A',0,2334),(1385,'2016-03-24 08:00:00','2016-03-24 09:00:00','LT5','BCM1101','BBIT1A',0,5425),(1386,'2016-03-24 10:00:00','2016-03-24 13:00:00','LT1','BBT1102','BBIT1A',0,1236),(1387,'2016-03-24 14:00:00','2016-03-24 15:00:00','LT2','BBT1101','BBIT1A',0,1234),(1388,'2016-03-25 08:00:00','2016-03-25 10:00:00','LT2','BCM1101','BBIT1A',0,5425),(1389,'2016-03-25 10:00:00','2016-03-25 12:00:00','LT1','BCM1102','BBIT1A',0,5490),(1390,'2016-03-28 08:00:00','2016-03-28 10:00:00','LT1','BBT1101','BBIT1A',0,1234),(1391,'2016-03-28 11:00:00','2016-03-28 12:00:00','LT2','HED1102','BBIT1A',0,6538),(1392,'2016-03-28 13:00:00','2016-03-28 14:00:00','LT3','BCM1201','BBIT1A',0,5680),(1393,'2016-03-29 08:00:00','2016-03-29 09:00:00','LT1','BCM1102','BBIT1A',0,5490),(1394,'2016-03-29 10:00:00','2016-03-29 12:00:00','LT4','BCM1201','BBIT1A',0,5680),(1395,'2016-03-29 14:00:00','2016-03-29 15:00:00','LT3','MAT1301','BBIT1A',0,2334),(1396,'2016-03-30 12:00:00','2016-03-30 14:00:00','LT3','HED1102','BBIT1A',0,6538),(1397,'2016-03-30 15:00:00','2016-03-30 17:00:00','LT5','MAT1301','BBIT1A',0,2334),(1398,'2016-03-31 08:00:00','2016-03-31 09:00:00','LT5','BCM1101','BBIT1A',0,5425),(1399,'2016-03-31 10:00:00','2016-03-31 13:00:00','LT1','BBT1102','BBIT1A',0,1236),(1400,'2016-03-31 14:00:00','2016-03-31 15:00:00','LT2','BBT1101','BBIT1A',0,1234),(1401,'2016-04-01 08:00:00','2016-04-01 10:00:00','LT2','BCM1101','BBIT1A',0,5425),(1402,'2016-04-01 10:00:00','2016-04-01 12:00:00','LT1','BCM1102','BBIT1A',0,5490),(1403,'2016-02-29 08:00:00','2016-02-29 11:00:00','LT2','HED1202','BBIT1B',0,5638),(1404,'2016-02-29 12:00:00','2016-02-29 13:00:00','LT1','HED1101','BBIT1B',0,1232),(1405,'2016-02-29 14:00:00','2016-02-29 16:00:00','LT3','BCM2103','BBIT1B',0,5832),(1406,'2016-03-01 08:00:00','2016-03-01 10:00:00','LT4','MAT1402','BBIT1B',0,2334),(1407,'2016-03-01 13:00:00','2016-03-01 15:00:00','LT5','BBT1201','BBIT1B',0,5432),(1408,'2016-03-02 08:00:00','2016-03-02 10:00:00','LT1','HED1101','BBIT1B',0,1232),(1409,'2016-03-02 10:00:00','2016-03-02 12:00:00','LT1','BCM2201','BBIT1B',0,5439),(1410,'2016-03-02 14:00:00','2016-03-02 15:00:00','LT5','MAT1402','BBIT1B',0,2334),(1411,'2016-03-03 14:00:00','2016-03-03 15:00:00','LT1','BCM2201','BBIT1B',0,5439),(1412,'2016-03-03 15:00:00','2016-03-03 16:00:00','LT3','HED2103','BBIT1B',0,6432),(1413,'2016-03-03 16:00:00','2016-03-03 17:00:00','LT3','BCM2103','BBIT1B',0,5832),(1414,'2016-03-04 09:00:00','2016-03-04 11:00:00','LT4','HED2103','BBIT1B',0,6432),(1415,'2016-03-04 11:00:00','2016-03-04 12:00:00','LT5','BBT1201','BBIT1B',0,5432),(1416,'2016-03-07 08:00:00','2016-03-07 11:00:00','LT2','HED1202','BBIT1B',0,5638),(1417,'2016-03-07 12:00:00','2016-03-07 13:00:00','LT1','HED1101','BBIT1B',0,1232),(1418,'2016-03-07 14:00:00','2016-03-07 16:00:00','LT3','BCM2103','BBIT1B',0,5832),(1419,'2016-03-08 08:00:00','2016-03-08 10:00:00','LT4','MAT1402','BBIT1B',0,2334),(1420,'2016-03-08 13:00:00','2016-03-08 15:00:00','LT5','BBT1201','BBIT1B',0,5432),(1421,'2016-03-09 08:00:00','2016-03-09 10:00:00','LT1','HED1101','BBIT1B',0,1232),(1422,'2016-03-09 10:00:00','2016-03-09 12:00:00','LT1','BCM2201','BBIT1B',0,5439),(1423,'2016-03-09 14:00:00','2016-03-09 15:00:00','LT5','MAT1402','BBIT1B',0,2334),(1424,'2016-03-10 14:00:00','2016-03-10 15:00:00','LT1','BCM2201','BBIT1B',0,5439),(1425,'2016-03-10 15:00:00','2016-03-10 16:00:00','LT3','HED2103','BBIT1B',0,6432),(1426,'2016-03-10 16:00:00','2016-03-10 17:00:00','LT3','BCM2103','BBIT1B',0,5832),(1427,'2016-03-11 09:00:00','2016-03-11 11:00:00','LT4','HED2103','BBIT1B',0,6432),(1428,'2016-03-11 11:00:00','2016-03-11 12:00:00','LT5','BBT1201','BBIT1B',0,5432),(1429,'2016-03-14 08:00:00','2016-03-14 11:00:00','LT2','HED1202','BBIT1B',0,5638),(1430,'2016-03-14 12:00:00','2016-03-14 13:00:00','LT1','HED1101','BBIT1B',0,1232),(1431,'2016-03-14 14:00:00','2016-03-14 16:00:00','LT3','BCM2103','BBIT1B',0,5832),(1432,'2016-03-15 08:00:00','2016-03-15 10:00:00','LT4','MAT1402','BBIT1B',0,2334),(1433,'2016-03-15 13:00:00','2016-03-15 15:00:00','LT5','BBT1201','BBIT1B',0,5432),(1434,'2016-03-16 08:00:00','2016-03-16 10:00:00','LT1','HED1101','BBIT1B',0,1232),(1435,'2016-03-16 10:00:00','2016-03-16 12:00:00','LT1','BCM2201','BBIT1B',0,5439),(1436,'2016-03-16 14:00:00','2016-03-16 15:00:00','LT5','MAT1402','BBIT1B',0,2334),(1437,'2016-03-17 14:00:00','2016-03-17 15:00:00','LT1','BCM2201','BBIT1B',0,5439),(1438,'2016-03-17 15:00:00','2016-03-17 16:00:00','LT3','HED2103','BBIT1B',0,6432),(1439,'2016-03-17 16:00:00','2016-03-17 17:00:00','LT3','BCM2103','BBIT1B',0,5832),(1440,'2016-03-18 09:00:00','2016-03-18 11:00:00','LT4','HED2103','BBIT1B',0,6432),(1441,'2016-03-18 11:00:00','2016-03-18 12:00:00','LT5','BBT1201','BBIT1B',0,5432),(1442,'2016-03-21 08:00:00','2016-03-21 11:00:00','LT2','HED1202','BBIT1B',0,5638),(1443,'2016-03-21 12:00:00','2016-03-21 13:00:00','LT1','HED1101','BBIT1B',0,1232),(1444,'2016-03-21 14:00:00','2016-03-21 16:00:00','LT3','BCM2103','BBIT1B',0,5832),(1445,'2016-03-22 08:00:00','2016-03-22 10:00:00','LT4','MAT1402','BBIT1B',0,2334),(1446,'2016-03-22 13:00:00','2016-03-22 15:00:00','LT5','BBT1201','BBIT1B',0,5432),(1447,'2016-03-23 08:00:00','2016-03-23 10:00:00','LT1','HED1101','BBIT1B',0,1232),(1448,'2016-03-23 10:00:00','2016-03-23 12:00:00','LT1','BCM2201','BBIT1B',0,5439),(1449,'2016-03-23 14:00:00','2016-03-23 15:00:00','LT5','MAT1402','BBIT1B',0,2334),(1450,'2016-03-24 14:00:00','2016-03-24 15:00:00','LT1','BCM2201','BBIT1B',0,5439),(1451,'2016-03-24 15:00:00','2016-03-24 16:00:00','LT3','HED2103','BBIT1B',0,6432),(1452,'2016-03-24 16:00:00','2016-03-24 17:00:00','LT3','BCM2103','BBIT1B',0,5832),(1453,'2016-03-25 09:00:00','2016-03-25 11:00:00','LT4','HED2103','BBIT1B',0,6432),(1454,'2016-03-25 11:00:00','2016-03-25 12:00:00','LT5','BBT1201','BBIT1B',0,5432),(1455,'2016-03-28 08:00:00','2016-03-28 11:00:00','LT2','HED1202','BBIT1B',0,5638),(1456,'2016-03-28 12:00:00','2016-03-28 13:00:00','LT1','HED1101','BBIT1B',0,1232),(1457,'2016-03-28 14:00:00','2016-03-28 16:00:00','LT3','BCM2103','BBIT1B',0,5832),(1458,'2016-03-29 08:00:00','2016-03-29 10:00:00','LT4','MAT1402','BBIT1B',0,2334),(1459,'2016-03-29 13:00:00','2016-03-29 15:00:00','LT5','BBT1201','BBIT1B',0,5432),(1460,'2016-03-30 08:00:00','2016-03-30 10:00:00','LT1','HED1101','BBIT1B',0,1232),(1461,'2016-03-30 10:00:00','2016-03-30 12:00:00','LT1','BCM2201','BBIT1B',0,5439),(1462,'2016-03-30 14:00:00','2016-03-30 15:00:00','LT5','MAT1402','BBIT1B',0,2334),(1463,'2016-03-31 14:00:00','2016-03-31 15:00:00','LT1','BCM2201','BBIT1B',0,5439),(1464,'2016-03-31 15:00:00','2016-03-31 16:00:00','LT3','HED2103','BBIT1B',0,6432),(1465,'2016-03-31 16:00:00','2016-03-31 17:00:00','LT3','BCM2103','BBIT1B',0,5832),(1466,'2016-04-01 09:00:00','2016-04-01 11:00:00','LT4','HED2103','BBIT1B',0,6432),(1467,'2016-04-01 11:00:00','2016-04-01 12:00:00','LT5','BBT1201','BBIT1B',0,5432),(1472,'2016-02-29 16:00:00','2016-02-29 17:00:00','LT1','MAT2301','BBIT2A',1,9090),(1473,'2016-02-29 15:00:00','2016-02-29 16:00:00','LT1','BBT1101','BBIT1A',1,1234),(1474,'2016-05-02 08:00:00','2016-05-02 10:00:00','LT1','BBT1101','BBIT1A',0,1234),(1475,'2016-05-02 11:00:00','2016-05-02 12:00:00','LT2','HED1102','BBIT1A',0,6538),(1476,'2016-05-02 13:00:00','2016-05-02 14:00:00','LT3','BCM1201','BBIT1A',0,5680),(1477,'2016-05-03 08:00:00','2016-05-03 09:00:00','LT1','BCM1102','BBIT1A',0,5490),(1478,'2016-05-03 10:00:00','2016-05-03 12:00:00','LT4','BCM1201','BBIT1A',0,5680),(1479,'2016-05-03 14:00:00','2016-05-03 15:00:00','LT3','MAT1301','BBIT1A',0,2334),(1480,'2016-05-04 12:00:00','2016-05-04 14:00:00','LT3','HED1102','BBIT1A',0,6538),(1481,'2016-05-04 15:00:00','2016-05-04 17:00:00','LT5','MAT1301','BBIT1A',0,2334),(1482,'2016-05-05 08:00:00','2016-05-05 09:00:00','LT5','BCM1101','BBIT1A',0,5425),(1483,'2016-05-05 10:00:00','2016-05-05 13:00:00','LT1','BBT1102','BBIT1A',0,1236),(1484,'2016-05-05 14:00:00','2016-05-05 15:00:00','LT2','BBT1101','BBIT1A',0,1234),(1485,'2016-05-06 08:00:00','2016-05-06 10:00:00','LT2','BCM1101','BBIT1A',0,5425),(1486,'2016-05-06 10:00:00','2016-05-06 12:00:00','LT1','BCM1102','BBIT1A',0,5490),(1487,'2016-05-09 08:00:00','2016-05-09 10:00:00','LT1','BBT1101','BBIT1A',0,1234),(1488,'2016-05-09 11:00:00','2016-05-09 12:00:00','LT2','HED1102','BBIT1A',0,6538),(1489,'2016-05-09 13:00:00','2016-05-09 14:00:00','LT3','BCM1201','BBIT1A',0,5680),(1490,'2016-05-10 08:00:00','2016-05-10 09:00:00','LT1','BCM1102','BBIT1A',0,5490),(1491,'2016-05-10 10:00:00','2016-05-10 12:00:00','LT4','BCM1201','BBIT1A',0,5680),(1492,'2016-05-10 14:00:00','2016-05-10 15:00:00','LT3','MAT1301','BBIT1A',0,2334),(1493,'2016-05-11 12:00:00','2016-05-11 14:00:00','LT3','HED1102','BBIT1A',0,6538),(1494,'2016-05-11 15:00:00','2016-05-11 17:00:00','LT5','MAT1301','BBIT1A',0,2334),(1495,'2016-05-12 08:00:00','2016-05-12 09:00:00','LT5','BCM1101','BBIT1A',0,5425),(1496,'2016-05-12 10:00:00','2016-05-12 13:00:00','LT1','BBT1102','BBIT1A',0,1236),(1497,'2016-05-12 14:00:00','2016-05-12 15:00:00','LT2','BBT1101','BBIT1A',0,1234),(1498,'2016-05-13 08:00:00','2016-05-13 10:00:00','LT2','BCM1101','BBIT1A',0,5425),(1499,'2016-05-13 10:00:00','2016-05-13 12:00:00','LT1','BCM1102','BBIT1A',0,5490),(1500,'2016-05-16 08:00:00','2016-05-16 10:00:00','LT1','BBT1101','BBIT1A',0,1234),(1501,'2016-05-16 11:00:00','2016-05-16 12:00:00','LT2','HED1102','BBIT1A',0,6538),(1502,'2016-05-16 13:00:00','2016-05-16 14:00:00','LT3','BCM1201','BBIT1A',0,5680),(1503,'2016-05-17 08:00:00','2016-05-17 09:00:00','LT1','BCM1102','BBIT1A',0,5490),(1504,'2016-05-17 10:00:00','2016-05-17 12:00:00','LT4','BCM1201','BBIT1A',0,5680),(1505,'2016-05-17 14:00:00','2016-05-17 15:00:00','LT3','MAT1301','BBIT1A',0,2334),(1506,'2016-05-18 12:00:00','2016-05-18 14:00:00','LT3','HED1102','BBIT1A',0,6538),(1507,'2016-05-18 15:00:00','2016-05-18 17:00:00','LT5','MAT1301','BBIT1A',0,2334),(1508,'2016-05-19 08:00:00','2016-05-19 09:00:00','LT5','BCM1101','BBIT1A',0,5425),(1509,'2016-05-19 10:00:00','2016-05-19 13:00:00','LT1','BBT1102','BBIT1A',0,1236),(1510,'2016-05-19 14:00:00','2016-05-19 15:00:00','LT2','BBT1101','BBIT1A',0,1234),(1511,'2016-05-20 08:00:00','2016-05-20 10:00:00','LT2','BCM1101','BBIT1A',0,5425),(1512,'2016-05-20 10:00:00','2016-05-20 12:00:00','LT1','BCM1102','BBIT1A',0,5490),(1513,'2016-05-23 08:00:00','2016-05-23 10:00:00','LT1','BBT1101','BBIT1A',0,1234),(1514,'2016-05-23 11:00:00','2016-05-23 12:00:00','LT2','HED1102','BBIT1A',0,6538),(1515,'2016-05-23 13:00:00','2016-05-23 14:00:00','LT3','BCM1201','BBIT1A',0,5680),(1516,'2016-05-24 08:00:00','2016-05-24 09:00:00','LT1','BCM1102','BBIT1A',0,5490),(1517,'2016-05-24 10:00:00','2016-05-24 12:00:00','LT4','BCM1201','BBIT1A',0,5680),(1518,'2016-05-24 14:00:00','2016-05-24 15:00:00','LT3','MAT1301','BBIT1A',0,2334),(1519,'2016-05-25 12:00:00','2016-05-25 14:00:00','LT3','HED1102','BBIT1A',0,6538),(1520,'2016-05-25 15:00:00','2016-05-25 17:00:00','LT5','MAT1301','BBIT1A',0,2334),(1521,'2016-05-26 08:00:00','2016-05-26 09:00:00','LT5','BCM1101','BBIT1A',0,5425),(1522,'2016-05-26 10:00:00','2016-05-26 13:00:00','LT1','BBT1102','BBIT1A',0,1236),(1523,'2016-05-26 14:00:00','2016-05-26 15:00:00','LT2','BBT1101','BBIT1A',0,1234),(1524,'2016-05-27 08:00:00','2016-05-27 10:00:00','LT2','BCM1101','BBIT1A',0,5425),(1525,'2016-05-27 10:00:00','2016-05-27 12:00:00','LT1','BCM1102','BBIT1A',0,5490),(1526,'2016-05-30 08:00:00','2016-05-30 10:00:00','LT1','BBT1101','BBIT1A',0,1234),(1527,'2016-05-30 11:00:00','2016-05-30 12:00:00','LT2','HED1102','BBIT1A',0,6538),(1528,'2016-05-30 13:00:00','2016-05-30 14:00:00','LT3','BCM1201','BBIT1A',0,5680),(1529,'2016-05-31 08:00:00','2016-05-31 09:00:00','LT1','BCM1102','BBIT1A',0,5490),(1530,'2016-05-31 10:00:00','2016-05-31 12:00:00','LT4','BCM1201','BBIT1A',0,5680),(1531,'2016-05-31 14:00:00','2016-05-31 15:00:00','LT3','MAT1301','BBIT1A',0,2334),(1532,'2016-06-01 12:00:00','2016-06-01 14:00:00','LT3','HED1102','BBIT1A',0,6538),(1533,'2016-06-01 15:00:00','2016-06-01 17:00:00','LT5','MAT1301','BBIT1A',0,2334),(1534,'2016-06-02 08:00:00','2016-06-02 09:00:00','LT5','BCM1101','BBIT1A',0,5425),(1535,'2016-06-02 10:00:00','2016-06-02 13:00:00','LT1','BBT1102','BBIT1A',0,1236),(1536,'2016-06-02 14:00:00','2016-06-02 15:00:00','LT2','BBT1101','BBIT1A',0,1234),(1537,'2016-06-03 08:00:00','2016-06-03 10:00:00','LT2','BCM1101','BBIT1A',0,5425),(1538,'2016-06-03 10:00:00','2016-06-03 12:00:00','LT1','BCM1102','BBIT1A',0,5490);
/*!40000 ALTER TABLE `schedule` ENABLE KEYS */;
UNLOCK TABLES;

--
-- Table structure for table `students`
--

DROP TABLE IF EXISTS `students`;
/*!40101 SET @saved_cs_client     = @@character_set_client */;
/*!40101 SET character_set_client = utf8 */;
CREATE TABLE `students` (
  `stud_id` int(11) NOT NULL AUTO_INCREMENT,
  `stud_surname` varchar(45) NOT NULL,
  `stud_onames` varchar(45) NOT NULL,
  `stud_course` varchar(45) NOT NULL,
  `stud_dob` date NOT NULL,
  `stud_email` varchar(45) DEFAULT NULL,
  `stud_phone` int(11) DEFAULT NULL,
  `stud_password` varchar(45) NOT NULL,
  `privileged` int(2) DEFAULT NULL,
  PRIMARY KEY (`stud_id`),
  KEY `stu_cou_idx` (`stud_course`),
  CONSTRAINT `stu_cou` FOREIGN KEY (`stud_course`) REFERENCES `courses` (`course_id`) ON DELETE NO ACTION ON UPDATE CASCADE
) ENGINE=InnoDB AUTO_INCREMENT=71842 DEFAULT CHARSET=latin1;
/*!40101 SET character_set_client = @saved_cs_client */;

--
-- Dumping data for table `students`
--

LOCK TABLES `students` WRITE;
/*!40000 ALTER TABLE `students` DISABLE KEYS */;
INSERT INTO `students` VALUES (60999,'Wafula','Chris','BBIT2A','1991-12-12','cwafula@gmail.com',734824584,'7a6c8de8ad7f89b922cc29c9505f58c3',1),(68888,'Mbugua','George','BBIT1A','1992-12-30','gmbugua@gmail.com',707070707,'e41423752ca4dd76114ba25ffaf27a69',1),(70922,'Chhabhadia','Anil Harji','BBIT4B','1992-01-20','anil@gmail.com',708432890,'passwordC',NULL),(71111,'Potter','James','BBIT2A','1992-12-26','jpotter@owlcity.fly',702342334,'4db56af97758b36a23dcd46ba7df1132',NULL),(71392,'Njakai','David Seroney','BBIT4B','1992-12-29','dvdseroney@gmail.com',790505019,'passwordN',NULL),(71841,'Omuchillo','Maxwell Miya','BBIT4B','1992-01-02','maxwell@gmail.com',707890789,'passwordO',NULL);
/*!40000 ALTER TABLE `students` ENABLE KEYS */;
UNLOCK TABLES;

--
-- Table structure for table `units`
--

DROP TABLE IF EXISTS `units`;
/*!40101 SET @saved_cs_client     = @@character_set_client */;
/*!40101 SET character_set_client = utf8 */;
CREATE TABLE `units` (
  `unit_id` varchar(45) NOT NULL,
  `unit_name` varchar(45) NOT NULL,
  PRIMARY KEY (`unit_id`)
) ENGINE=InnoDB DEFAULT CHARSET=latin1;
/*!40101 SET character_set_client = @saved_cs_client */;

--
-- Dumping data for table `units`
--

LOCK TABLES `units` WRITE;
/*!40000 ALTER TABLE `units` DISABLE KEYS */;
INSERT INTO `units` VALUES ('BBT1101','Computer Fundamentals '),('BBT1102','Introduction to Programming'),('BBT1201','Data Structures and Algorithms'),('BBT2101','Systems Analysis and Design'),('BBT2103','Database Systems'),('BBT2201','Computer Organization and Architecture'),('BBT2204','Information Systems Project 1'),('BBT3101','Networking 1'),('BCM1101','Fundamentals of Accounting'),('BCM1102','Fundamentals of Economics'),('BCM1201','Principles of Management'),('BCM2103','Business Finance'),('BCM2201','Cost Accounting'),('HED1101','Introduction to Critical Thinking'),('HED1102','Communication Skills 1'),('HED1202','Communication Skills 2'),('HED2103','Development Studies'),('MAT1301','Discrete Mathematics'),('MAT1402','Mathematics 1'),('MAT2301','Mathematics 2');
/*!40000 ALTER TABLE `units` ENABLE KEYS */;
UNLOCK TABLES;
/*!40103 SET TIME_ZONE=@OLD_TIME_ZONE */;

/*!40101 SET SQL_MODE=@OLD_SQL_MODE */;
/*!40014 SET FOREIGN_KEY_CHECKS=@OLD_FOREIGN_KEY_CHECKS */;
/*!40014 SET UNIQUE_CHECKS=@OLD_UNIQUE_CHECKS */;
/*!40101 SET CHARACTER_SET_CLIENT=@OLD_CHARACTER_SET_CLIENT */;
/*!40101 SET CHARACTER_SET_RESULTS=@OLD_CHARACTER_SET_RESULTS */;
/*!40101 SET COLLATION_CONNECTION=@OLD_COLLATION_CONNECTION */;
/*!40111 SET SQL_NOTES=@OLD_SQL_NOTES */;

-- Dump completed on 2016-03-25  5:04:08
